"tconst","releaseYear","genres","averageRating","numVotes","directors","writers","outcome"
"tt4160708",2016,"Crime,Horror,Thriller",7.1,263001,"nm1793079","nm1793079,nm2140186","popular"
"tt1527788",2010,"Action,Crime,Drama",7.7,68181,"nm2556572","nm2556572","unpopular"
"tt1366344",2011,"Comedy",5.6,70366,"nm0337773","nm2651299,nm0848966","unpopular"
"tt3480822",2021,"Action,Adventure,Sci-Fi",6.7,343718,"nm0795153","nm3069408,nm2356614,nm0072600","popular"
"tt0063350",1968,"Horror,Thriller",7.8,125251,"nm0001681","nm0751652,nm0001681","unpopular"
"tt0800069",2007,"Horror,Thriller",5.1,63596,"nm1170286","nm0000127,nm0186617","unpopular"
"tt1714206",2013,"Comedy,Drama,Romance",7.1,150863,"nm1242054","nm2354099,nm2352210,nm4043665","unpopular"
"tt1706620",2013,"Action,Sci-Fi,Thriller",7.1,351290,"nm0094435","nm2441468,nm0499429,nm2440893,nm0094435,nm1031176","unpopular"
"tt3530002",2015,"Comedy,Fantasy",6.4,73526,"nm1349522","nm1349522,nm3773434,nm3782043,nm1698571","unpopular"
"tt0052618",1959,"Adventure,Drama,History",8.1,233924,"nm0943758","nm0908753,nm0876562,nm0000683,nm0027173,nm0067103,nm0296737","unpopular"
"tt0116996",1996,"Comedy,Sci-Fi",6.4,223304,"nm0000318","nm0114083,nm0312481,nm0940071,nm0694035,nm0766921,nm0312607","unpopular"
"tt10272386",2020,"Drama,Mystery",8.3,129793,"nm1725469","nm0358960,nm1725469","unpopular"
"tt0457400",2009,"Action,Adventure,Comedy",5.3,69765,"nm0797869","nm0376260,nm0574005,nm0471898,nm0471897","unpopular"
"tt0822847",2011,"Action,Adventure,Fantasy",5.7,119041,"nm0829820","nm2309430,nm2312828","unpopular"
"tt6147768",2016,"Action,Drama,Sport",6.4,237,"nm8509498","nm8509498","popular"
"tt1687901",2011,"Horror,Thriller",6.5,66025,"nm1960322","nm0901446,nm1960322","unpopular"
"tt1832382",2011,"Drama",8.3,239992,"nm1410815","nm1410815","unpopular"
"tt1524930",2015,"Adventure,Comedy",6.1,108925,"nm0326246,nm0197855","nm0326246,nm0197855,nm0000455","unpopular"
"tt4116284",2016,"Action,Adventure,Animation",7.3,144004,"nm0003021","nm0334381,nm0571344,nm1273099,nm2972864,nm4465847,nm0004170,nm0277730,nm0796950,nm0795975,nm0551376,nm9204083,nm9204084,nm9204085,nm4243936","unpopular"
"tt0086567",1983,"Action,Drama,Sci-Fi",7.1,98019,"nm0000824","nm0489623,nm0662748,nm0338396","unpopular"
"tt0120586",1998,"Drama",8.5,1091117,"nm0443411","nm0571346","unpopular"
"tt3183660",2016,"Adventure,Family,Fantasy",7.3,446771,"nm0946734","nm0746830","popular"
"tt1582507",2012,"Drama,Horror,Thriller",5.5,76428,"nm0867127","nm0521649,nm0609236","unpopular"
"tt2231253",2015,"Action,Crime,Drama",5.6,54530,"nm0922346","nm0001279","unpopular"
"tt0963178",2009,"Action,Crime,Drama",6.5,94919,"nm0878756","nm2545235","unpopular"
"tt0019254",1928,"Biography,Drama,History",8.2,53162,"nm0003433","nm0217865,nm0003433","unpopular"
"tt0274558",2002,"Drama,Romance",7.5,130146,"nm0197636","nm1259728,nm0002376","unpopular"
"tt1179891",2009,"Horror,Mystery,Thriller",5.4,56347,"nm0527261","nm0267805,nm2909914,nm0063583,nm0589357","unpopular"
"tt0402894",2005,"Adventure,Comedy,Drama",6.5,53944,"nm0002120","nm0368774,nm1575914,nm0188165","unpopular"
"tt7737786",2020,"Action,Drama,Sci-Fi",6.4,108932,"nm0006846","nm2133655","unpopular"
"tt0268995",2001,"Drama,Romance",6.9,54372,"nm0001104","nm0007136","unpopular"
"tt0491152",2011,"Comedy,Drama,Romance",5.8,61826,"nm0339004","nm1646565,nm2808946","unpopular"
"tt1606389",2012,"Drama,Romance",6.8,191839,"nm1302591","nm0463359,nm0799050,nm0441300,nm1213974","popular"
"tt9777666",2021,"Action,Adventure,Drama",6.6,192441,"nm0003021","nm3916149","unpopular"
"tt1397514",2012,"Action,Adventure,Comedy",5.7,102244,"nm0679031","nm0348160,nm0348208,nm0653693,nm0894523","popular"
"tt1315981",2009,"Drama,Romance",7.5,111073,"nm1053530","nm0410877,nm1053530,nm3179694","unpopular"
"tt1100089",2014,"Biography,Drama,History",7,140961,"nm0587955","nm0296861,nm0001246","unpopular"
"tt0496806",2007,"Crime,Thriller",6.9,339281,"nm0001752","nm0002718,nm0505522,nm0425138,nm0751207","popular"
"tt0443680",2007,"Biography,Crime,Drama",7.5,177846,"nm0231596","nm0231596,nm0361069","unpopular"
"tt4925292",2017,"Comedy,Drama",7.4,275675,"nm1950086","nm1950086","unpopular"
"tt0274166",2003,"Action,Adventure,Comedy",6.2,157225,"nm0398185","nm0701031,nm0905498,nm0204030,nm0398185","unpopular"
"tt0079522",1979,"Comedy,Drama,Romance",7.9,138447,"nm0000095","nm0000095,nm0108613","unpopular"
"tt1862079",2012,"Comedy,Drama,Fantasy",6.9,124972,"nm1119880","nm2081046","unpopular"
"tt0111255",1994,"Action,Drama,Thriller",5.6,65429,"nm0515891","nm0794326,nm0785311","unpopular"
"tt0116922",1997,"Mystery,Thriller",7.6,139294,"nm0000186","nm0000186,nm0317510","unpopular"
"tt0034583",1942,"Drama,Romance,War",8.5,556614,"nm0002031","nm0258493,nm0258525,nm0462321,nm0122417,nm0019706,nm0732452","unpopular"
"tt1298649",2012,"Comedy,Sci-Fi",5.7,126070,"nm1676223","nm2972864,nm0736622,nm1698571","unpopular"
"tt0116409",1996,"Adventure,Drama,Thriller",6.8,60707,"nm0394280","nm0001279","unpopular"
"tt0223897",2000,"Drama",7.2,117987,"nm0001460","nm0404954,nm0228908","unpopular"
"tt0036868",1946,"Drama,Romance,War",8.1,62558,"nm0943758","nm0792845,nm0437969","unpopular"
"tt1691916",2017,"Drama,Fantasy,Mystery",6.4,51045,"nm1735543","nm0535940,nm3986344","unpopular"
"tt10366460",2021,"Comedy,Drama,Music",8,70994,"nm1571761","nm1571761,nm2605079,nm0141133,nm0489309,nm0081179","unpopular"
"tt1028528",2007,"Action,Thriller",7,285023,"nm0000233","nm0000233","unpopular"
"tt0116365",1996,"Comedy,Fantasy,Horror",7.1,87072,"nm0001392","nm0909638,nm0001392","unpopular"
"tt1034331",2008,"Crime,Mystery,Thriller",6,87692,"nm0000816","nm1897957","unpopular"
"tt0217505",2002,"Crime,Drama",7.5,431528,"nm0000217","nm0168379,nm0001873,nm0518836","unpopular"
"tt0082418",1981,"Horror,Mystery,Thriller",6.1,66222,"nm0591171","nm0413826,nm0566699,nm0192446","unpopular"
"tt0298203",2002,"Drama,Music",7.2,277611,"nm0000436","nm0798788","popular"
"tt2503944",2015,"Comedy,Drama",6.6,114538,"nm0920274","nm1140275,nm0435701","unpopular"
"tt4154664",2019,"Action,Adventure,Sci-Fi",6.8,525934,"nm1349818,nm0281396","nm1349818,nm0281396,nm4039044,nm2270979,nm0498834","popular"
"tt0790636",2013,"Biography,Drama",8,474591,"nm0885249","nm1258965,nm2214893","unpopular"
"tt0116040",1996,"Action,Adventure,Drama",5.9,72180,"nm0003418","nm0092018","unpopular"
"tt2531344",2018,"Comedy",6.2,77951,"nm0134224","nm1383738,nm1383078","unpopular"
"tt1570728",2011,"Comedy,Drama,Romance",7.4,505780,"nm0275629,nm0720135","nm1557594","popular"
"tt0462322",2007,"Action,Horror,Thriller",7.5,183165,"nm0001675,nm0942367,nm0000233,nm0957772,nm0744834","nm0001675,nm0957772,nm0942367,nm1249684,nm0744834,nm0000233,nm1080440,nm2639032,nm3851113","unpopular"
"tt0089175",1985,"Fantasy,Horror",7.1,67995,"nm0276169","nm0276169","unpopular"
"tt0805564",2007,"Comedy,Drama,Romance",7.3,143637,"nm0318916","nm1280672","unpopular"
"tt1272878",2013,"Action,Comedy,Crime",6.7,208335,"nm0466349","nm1398578,nm1556427","unpopular"
"tt1935179",2012,"Drama",7.4,177258,"nm2158772","nm2158772","unpopular"
"tt0347048",2004,"Drama,Romance",7.9,53716,"nm0015359","nm0015359","unpopular"
"tt1527186",2011,"Drama,Sci-Fi",7.1,178780,"nm0001885","nm0001885","unpopular"
"tt2401878",2015,"Animation,Comedy,Drama",7.2,70855,"nm2122478,nm0442109","nm0442109","unpopular"
"tt1937149",2012,"Mystery,Thriller",7.6,64112,"nm1079062","nm1079062,nm1516346","unpopular"
"tt0139134",1999,"Drama,Romance",6.8,188945,"nm0474955","nm0480166,nm0474955","unpopular"
"tt0137363",1999,"Action,Crime,Drama",7.2,85718,"nm0671210","nm0472567","unpopular"
"tt1605783",2011,"Comedy,Fantasy,Romance",7.7,413820,"nm0000095","nm0000095","unpopular"
"tt0120631",1998,"Comedy,Drama,Romance",7.1,74378,"nm0855035","nm0335666,nm0855035,nm0663002,nm0674518","unpopular"
"tt0811080",2008,"Action,Adventure,Comedy",6,72809,"nm0905152,nm0905154","nm0905152,nm0905154,nm1033745","unpopular"
"tt4624424",2016,"Adventure,Animation,Comedy",6.8,61021,"nm0842339,nm0831557","nm0831557","unpopular"
"tt0117631",1996,"Biography,Drama,Music",7.7,53765,"nm0382956","nm0764982,nm0382956","unpopular"
"tt0403358",2004,"Action,Fantasy,Horror",6.4,53708,"nm0067457","nm0067457,nm0436164,nm1573262","unpopular"
"tt0012349",1921,"Comedy,Drama,Family",8.3,123830,"nm0000122","nm0000122","unpopular"
"tt0480669",2007,"Mystery,Sci-Fi,Thriller",7.1,62846,"nm1443023","nm1443023","unpopular"
"tt0071853",1975,"Adventure,Comedy,Fantasy",8.2,528849,"nm0001402,nm0000416","nm0001037,nm0000092,nm0001385,nm0000416,nm0001402,nm0001589,nm0540627","unpopular"
"tt0800320",2010,"Action,Adventure,Fantasy",5.8,279469,"nm0504642","nm2012438,nm0006534,nm0542062,nm0189117","popular"
"tt0421238",2005,"Crime,Drama,Western",7.3,52185,"nm0384825","nm0147022","unpopular"
"tt1284575",2011,"Comedy,Romance",5.7,201150,"nm0440458","nm1969144,nm1072409","popular"
"tt0401997",2007,"Biography,Crime,Drama",7,59544,"nm0712753","nm0563240,nm0745360,nm0712753","unpopular"
"tt1464335",2022,"Action,Adventure",6.7,57519,"nm0281508","nm1988994,nm1436466,nm0391344,nm2616125,nm4731086","unpopular"
"tt0466909",2006,"Drama,Fantasy,Horror",5.5,58774,"nm0601382","nm0783544","unpopular"
"tt1528071",2013,"Comedy,Crime,Drama",6.5,82498,"nm0014960","nm1291392,nm0454872","unpopular"
"tt0117666",1996,"Drama",8,92695,"nm0000671","nm0000671","unpopular"
"tt0910936",2008,"Action,Comedy,Crime",6.9,332540,"nm0337773","nm0736622,nm1698571,nm0031976","popular"
"tt0455760",2007,"Horror,Mystery,Thriller",6.1,92876,"nm1490123","nm1191481,nm1490123","unpopular"
"tt0277371",2001,"Comedy",5.7,104205,"nm0302778","nm0070500,nm0258418,nm0414795,nm0064556,nm0424688","unpopular"
"tt2273657",2015,"Biography,Crime,Drama",6.3,67794,"nm3734458","nm3734458,nm1738734,nm4927379","unpopular"
"tt0097757",1989,"Adventure,Animation,Comedy",7.6,254136,"nm0166256,nm0615780","nm0615780,nm0166256,nm0026153,nm0039141,nm0334057,nm3071117,nm0399252","unpopular"
"tt0358082",2005,"Adventure,Animation,Comedy",6.4,143076,"nm0917188,nm0757858","nm0593856,nm0572151,nm1865755,nm0304665,nm0541632,nm0431622,nm0917188","popular"
"tt0096928",1989,"Adventure,Comedy,Music",6.9,127945,"nm0378893","nm0558533,nm0004412","unpopular"
"tt2446042",2014,"Action,Crime,Thriller",6,189334,"nm0576298","nm0000108,nm0436543","popular"
"tt0071807",1974,"Action,Adventure,Thriller",6.7,103292,"nm0357891","nm0537363,nm0542539,nm0001220","unpopular"
"tt0119707",1997,"Action,Adventure,Fantasy",3.6,54042,"nm0502954","nm0095460,nm0440415,nm0923312,nm0864880,nm0295165,nm0007233","unpopular"
"tt0119137",1997,"Comedy,Family,Sci-Fi",5.3,88502,"nm0562645","nm0853139,nm0000455,nm0909556","popular"
"tt11032374",2020,"Action,Adventure,Animation",8.3,50631,"nm1417038","nm10281577","unpopular"
"tt0085333",1983,"Horror,Thriller",6.7,80273,"nm0000118","nm0000175,nm0680250","unpopular"
"tt0117731",1996,"Action,Adventure,Drama",7.6,123597,"nm0000408","nm0734472,nm0075834,nm0103804,nm0601822","popular"
"tt0293508",2004,"Drama,Musical,Romance",7.2,121200,"nm0001708","nm0503693,nm0515908,nm0001708","unpopular"
"tt0455944",2014,"Action,Crime,Thriller",7.2,360821,"nm0298807","nm0921013,nm0805994,nm2030456","popular"
"tt0082495",1981,"Horror",6.5,87017,"nm0742819","nm0000118,nm0384185","unpopular"
"tt8291224",2019,"Action,Drama,History",8.4,57605,"nm2336554","nm2336554","unpopular"
"tt0119008",1997,"Biography,Crime,Drama",7.7,298486,"nm0001565","nm0685587,nm0940361,nm0001921","unpopular"
"tt2082197",2012,"Comedy,Drama,Romance",8.2,80415,"nm1397301","nm1397301,nm6215655,nm1821635","unpopular"
"tt1103153",2010,"Action,Comedy,Romance",5.4,90930,"nm0525659","nm0220521,nm0341372","unpopular"
"tt0121164",2005,"Animation,Drama,Family",7.4,263388,"nm0000318,nm0425843","nm0000318,nm0335022,nm0041864,nm0003031,nm0972040","unpopular"
"tt1723811",2011,"Drama",7.2,192704,"nm2588606","nm2588606,nm0604448,nm0543283","unpopular"
"tt0232500",2001,"Action,Crime,Thriller",6.8,376073,"nm0003418","nm0508446,nm0860155,nm0074980,nm0043742","popular"
"tt0120148",1998,"Comedy,Drama,Fantasy",6.7,66342,"nm0398185","nm0398185","unpopular"
"tt0164181",1999,"Horror,Mystery,Thriller",7,80431,"nm0462895","nm0558577,nm0462895","unpopular"
"tt0234215",2003,"Action,Sci-Fi",7.2,582242,"nm0905152,nm0905154","nm0905152,nm0905154","popular"
"tt0120184",1998,"Action,Mystery,Sci-Fi",6.1,105494,"nm0001469","nm0000341,nm0934483,nm0369561,nm0001921","unpopular"
"tt3110958",2016,"Action,Adventure,Comedy",6.4,277075,"nm0160840","nm0004412,nm1095804,nm0945026,nm3242689","unpopular"
"tt1735898",2012,"Action,Adventure,Drama",6.1,285112,"nm2782185","nm2489193,nm0359387,nm0024925","popular"
"tt0469494",2007,"Drama",8.2,565344,"nm0000759","nm0000759,nm0801737","unpopular"
"tt0116705",1996,"Adventure,Comedy,Family",5.7,102861,"nm0505152","nm0466473","unpopular"
"tt5461944",2018,"Action,Drama,History",7.6,61127,"nm2285536","nm0171722,nm2285536","unpopular"
"tt0948470",2012,"Action,Adventure,Sci-Fi",7,633478,"nm1989536","nm0888743,nm0765091,nm0460141,nm0498278,nm0228492","popular"
"tt0914863",2010,"Crime,Drama,Thriller",7.1,87456,"nm0429964","nm0940974","unpopular"
"tt0209958",2000,"Crime,Horror,Sci-Fi",6.4,101467,"nm0802248","nm0698873","unpopular"
"tt0329575",2003,"Drama,History,Sport",7.3,71996,"nm0002657","nm1227780,nm0002657","popular"
"tt0071360",1974,"Drama,Mystery,Thriller",7.8,109062,"nm0000338","nm0000338","unpopular"
"tt0087985",1984,"Action,Drama,Thriller",6.3,55758,"nm0587518","nm0721817,nm0587518","unpopular"
"tt0918927",2008,"Drama,Mystery",7.5,127791,"nm0788234","nm0788234","unpopular"
"tt1939659",2013,"Drama,Horror",5.9,138652,"nm0005303","nm0169548,nm2630745,nm0000175","unpopular"
"tt0322259",2003,"Action,Crime,Thriller",5.9,268498,"nm0005436","nm0860155,nm0104973,nm0351929","popular"
"tt1683526",2011,"Drama",7.7,83303,"nm0443411","nm1656308","unpopular"
"tt4169250",2016,"Biography,Drama,Sport",8.1,52454,"nm3109770","nm3109770,nm4614038,nm3118214,nm4274191","unpopular"
"tt0349825",2004,"Biography,Drama,History",7.5,53531,"nm0640334","nm1325865","unpopular"
"tt0120601",1999,"Comedy,Drama,Fantasy",7.8,328799,"nm0005069","nm0442109","unpopular"
"tt0088939",1985,"Drama",7.7,84848,"nm0000229","nm0583675,nm0907504","unpopular"
"tt2395427",2015,"Action,Adventure,Sci-Fi",7.3,825098,"nm0923736","nm0923736,nm0498278,nm0456158,nm0800209,nm4160687","popular"
"tt0810913",2011,"Comedy",3.3,83270,"nm0240797","nm0957840,nm0466175,nm0001191,nm0184445,nm0806912","unpopular"
"tt0480249",2007,"Action,Drama,Sci-Fi",7.2,733860,"nm1349376","nm0698873,nm0326040,nm0558577,nm0181019,nm0181020","popular"
"tt6139732",2019,"Adventure,Comedy,Family",6.9,255167,"nm0005363","nm0041864,nm0005363","popular"
"tt0122151",1998,"Action,Crime,Thriller",6.6,160835,"nm0001149","nm0000948,nm0501380,nm0332184,nm0587692,nm0316888","popular"
"tt2431286",2013,"Biography,Comedy,Drama",7.6,98937,"nm0001241","nm0176869,nm0691131,nm1939381","unpopular"
"tt0079944",1979,"Drama,Sci-Fi",8.1,130658,"nm0001789","nm0835297,nm0835298,nm0001789,nm0850493","unpopular"
"tt0080453",1980,"Adventure,Drama,Romance",5.8,68463,"nm0459170","nm0821070,nm0829343","unpopular"
"tt1270797",2018,"Action,Adventure,Sci-Fi",6.7,459574,"nm0281508","nm0003298,nm0545150,nm0684374,nm0568825,nm2163440","popular"
"tt0098282",1989,"Comedy,Crime",6.8,53695,"nm0002137","nm0056958,nm0838441,nm0941703,nm0906997,nm0476065,nm0000698","unpopular"
"tt2494362",2015,"Drama,Horror,Western",7.1,97239,"nm0951975","nm0951975","unpopular"
"tt0322802",2002,"Action,Comedy,Documentary",6.6,91278,"nm0871860","nm0871860,nm0005069,nm0424216,nm0546640,nm0828177,nm1035634,nm0690686,nm0257424,nm0242756,nm0569199,nm0225164,nm1029269,nm2525534,nm1079524,nm0519671,nm4007510,nm8722262,nm2928258,nm0154074","unpopular"
"tt0097742",1989,"Action,Adventure,Thriller",6.7,102444,"nm0322515","nm0933865,nm0537363,nm0001220","unpopular"
"tt0080801",1980,"Adventure,Comedy",7.3,55386,"nm0371059","nm0371059","unpopular"
"tt0780653",2010,"Drama,Fantasy,Horror",5.8,105953,"nm0002653","nm0001825,nm0783100,nm0802561","unpopular"
"tt2446980",2015,"Biography,Drama",6.6,134922,"nm0751102","nm0751102,nm1754239","unpopular"
"tt0120587",1998,"Adventure,Animation,Comedy",6.6,152972,"nm0426333,nm0201509","nm0017305,nm0919363,nm0919369","popular"
"tt0770828",2013,"Action,Adventure,Sci-Fi",7.1,748405,"nm0811583","nm0275286,nm0634240,nm0796950,nm0795975","popular"
"tt4846232",2017,"Crime,Drama,Thriller",7.3,114372,"nm1343394,nm1509478","nm2563482,nm1343394","unpopular"
"tt2139881",2019,"Comedy,Romance",6.8,107693,"nm1349522","nm1003839,nm2176283","unpopular"
"tt0083922",1982,"Drama",8.1,62932,"nm0000005","nm0000005","unpopular"
"tt1587707",2010,"Comedy,Crime,Documentary",8,65741,"nm2612991","\N","unpopular"
"tt0286244",2003,"Animation,Comedy,Drama",7.8,53956,"nm0158984","nm0158984","unpopular"
"tt1120985",2010,"Drama,Romance",7.4,194089,"nm0161834","nm0161834,nm0193387,nm2337556","unpopular"
"tt0072890",1975,"Biography,Crime,Drama",8,251153,"nm0001486","nm0682757,nm0460190,nm0601944,nm0909063","unpopular"
"tt0118929",1998,"Fantasy,Mystery,Sci-Fi",7.6,197135,"nm0001639","nm0001639,nm0229644,nm0275286","unpopular"
"tt0115685",1996,"Comedy",7.2,87458,"nm0001566","nm0688497,nm0891554,nm0596850,nm0200473,nm0561938","popular"
"tt0324216",2003,"Crime,Horror",6.2,140165,"nm1197971","nm0377066,nm0001361,nm0466925","popular"
"tt0481369",2007,"Crime,Mystery,Thriller",6.4,200290,"nm0001708","nm2043734","unpopular"
"tt0949731",2008,"Adventure,Sci-Fi,Thriller",5,204501,"nm0796117","nm0796117","unpopular"
"tt1748179",2012,"Drama,Fantasy,Mystery",6.2,60997,"nm0181579","nm0181579","unpopular"
"tt0479884",2006,"Action,Crime,Thriller",6.9,245806,"nm0004410,nm0962729","nm0004410,nm0962729","unpopular"
"tt0918940",2016,"Action,Adventure,Drama",6.2,173503,"nm0946734","nm3092414,nm0108132,nm0123194","popular"
"tt2404311",2013,"Comedy,Crime,Thriller",6.3,115505,"nm0000108","nm0000108,nm1003636,nm0070152","unpopular"
"tt1060277",2008,"Action,Horror,Sci-Fi",7,391075,"nm0716257","nm1206844","unpopular"
"tt0780521",2009,"Adventure,Animation,Comedy",7.1,138390,"nm0615780,nm0166256","nm0166256,nm0615780,nm0258627,nm0649663,nm0972395,nm3756395","popular"
"tt4501244",2016,"Comedy",6.2,110012,"nm0357453","nm0357453,nm0375043,nm1706767","unpopular"
"tt1878870",2016,"Comedy,Drama",7.3,120619,"nm2609807","nm2609807","unpopular"
"tt0086250",1983,"Crime,Drama",8.3,804967,"nm0000361","nm0000231,nm0001328,nm0372942,nm0870660","unpopular"
"tt0236493",2001,"Adventure,Comedy,Crime",6.1,107526,"nm0893659","nm0437249","unpopular"
"tt2554274",2015,"Drama,Horror,Mystery",6.5,144017,"nm0868219","nm0868219,nm0730422","unpopular"
"tt0117913",1996,"Crime,Drama,Thriller",7.5,153027,"nm0001708","nm0001300,nm0326040","popular"
"tt0117218",1996,"Comedy,Romance,Sci-Fi",5.7,115640,"nm0001723","nm0001471,nm0725075,nm0790775,nm0087904,nm0001723,nm0644203","popular"
"tt0300051",2004,"Comedy,Drama,Romance",6.2,65645,"nm0003620","nm0003620","unpopular"
"tt0080487",1980,"Comedy,Sport",7.2,115249,"nm0000601","nm0236519,nm0000601,nm0448469","unpopular"
"tt0409459",2009,"Action,Drama,Mystery",7.7,537982,"nm0811583","nm1733301,nm0371684,nm0874844","popular"
"tt1276104",2012,"Action,Drama,Sci-Fi",7.4,563749,"nm0426059","nm0426059","unpopular"
"tt1268799",2011,"Adventure,Comedy",6.3,69120,"nm0833889","nm1375358,nm1376383","unpopular"
"tt0436339",2009,"Action,Adventure,Animation",5.1,45833,"nm0947087","nm0926727,nm0926729,nm0947087,nm0416408","popular"
"tt0063522",1968,"Drama,Horror",8,209422,"nm0000591","nm0505615,nm0000591","unpopular"
"tt0120890",1998,"Crime,Drama,Mystery",6.6,118192,"nm0573796","nm0002983","unpopular"
"tt0218967",2000,"Comedy,Drama,Fantasy",6.8,109239,"nm0711840","nm0224606,nm0919289","unpopular"
"tt1288558",2013,"Horror",6.5,166984,"nm1793079","nm1793079,nm2140186,nm0000600","unpopular"
"tt0790628",2013,"Comedy",5.9,73044,"nm0769135","nm0326246,nm0197855,nm2226753,nm1624685","unpopular"
"tt1098327",2009,"Action,Adventure,Fantasy",2.6,73467,"nm0939128","nm0708870,nm0868066","unpopular"
"tt0420223",2006,"Comedy,Drama,Fantasy",7.6,226415,"nm0286975","nm1590998","unpopular"
"tt0119558",1997,"Drama,Romance",6.9,57303,"nm0001490","nm0618603,nm0771496","unpopular"
"tt6265828",2017,"Drama,Fantasy,Romance",6.8,69767,"nm1108007","nm1108007","unpopular"
"tt3063516",2013,"Comedy",6.5,93812,"nm0871860","nm0424216,nm0005069,nm0871860,nm0046943,nm0806416","unpopular"
"tt0116231",1996,"Crime,Drama,Thriller",8.2,69411,"nm0877078","nm0877078","unpopular"
"tt0120179",1997,"Action,Adventure,Crime",3.9,80022,"nm0000957","nm0003662,nm0000957,nm0566595,nm0622288","unpopular"
"tt10016180",2021,"Crime,Drama,Mystery",6.3,91906,"nm0359387","nm0359387","unpopular"
"tt1893256",2013,"Action,Crime,Drama",6.2,71186,"nm1140275","nm1140275","unpopular"
"tt0120338",1997,"Drama,Romance",7.9,1126450,"nm0000116","nm0000116","popular"
"tt8350360",2019,"Horror,Mystery,Thriller",5.9,71684,"nm2477891","nm2477891,nm1490123","unpopular"
"tt0086465",1983,"Comedy",7.5,148656,"nm0000484","nm0365390,nm0918339","unpopular"
"tt0079116",1979,"Action,Biography,Crime",7.6,130542,"nm0796923","nm0115431,nm0876227","unpopular"
"tt0081398",1980,"Biography,Drama,Sport",8.2,344117,"nm0000217","nm0483766,nm0141734,nm0678014,nm0001707,nm0552731","unpopular"
"tt3741834",2016,"Biography,Drama",8,230892,"nm0204628","nm6506884,nm1729294","unpopular"
"tt0081505",1980,"Drama,Horror",8.4,977697,"nm0000040","nm0000175,nm0000040,nm0424956","unpopular"
"tt1300854",2013,"Action,Adventure,Sci-Fi",7.2,819352,"nm0000948","nm1510800,nm0000948,nm0498278,nm1411347,nm1293367,nm0456158,nm1979137,nm2137463","popular"
"tt0817538",2008,"Action,Comedy,Crime",5.7,60049,"nm0109359","nm0003249,nm0736622,nm0000455","unpopular"
"tt1033643",2008,"Comedy,Romance",6.1,174080,"nm0891114","nm1401416","unpopular"
"tt1588170",2010,"Action,Crime,Drama",7.8,125006,"nm0453518","nm4219902,nm0453518","unpopular"
"tt0285492",2002,"Drama,Horror,Mystery",5.5,66511,"nm0782900","nm0393517,nm0053228,nm0572369","unpopular"
"tt4465564",2017,"Drama,Romance",4.6,99611,"nm0001226","nm0502727,nm1093317","popular"
"tt0287978",2003,"Action,Crime",5.3,216930,"nm0425756","nm0425756","popular"
"tt0349683",2004,"Action,Adventure,Drama",6.3,166010,"nm0298807","nm0291905","unpopular"
"tt2866360",2013,"Drama,Mystery,Sci-Fi",7.2,122726,"nm0126096","nm0126096,nm1178832","unpopular"
"tt1714915",2013,"Comedy,Drama,Fantasy",7.2,98663,"nm0000464","nm0000464,nm7377556","unpopular"
"tt1675192",2011,"Drama,Sci-Fi,Thriller",7.3,99239,"nm2158772","nm2158772","unpopular"
"tt0088170",1984,"Action,Adventure,Sci-Fi",6.6,79272,"nm0000559","nm0734472,nm0071790","unpopular"
"tt0118548",1997,"Action,Crime,Drama",6.7,54099,"nm0000142","nm0049641,nm0001279","unpopular"
"tt0494238",2008,"Adventure,Family,Fantasy",6.1,76941,"nm0812200","nm1865755,nm1751315","unpopular"
"tt1212428",2016,"Adventure,Biography,Drama",6.6,88106,"nm0336695","nm0336695,nm2970418","unpopular"
"tt1114740",2009,"Action,Comedy,Crime",5.2,108771,"nm0139867","nm0416673,nm0048169","popular"
"tt0114508",1995,"Action,Horror,Sci-Fi",5.8,79182,"nm0002044","nm0271022","unpopular"
"tt0970866",2010,"Comedy,Romance",5.5,111415,"nm0919369","nm0357453,nm0836001,nm0322839,nm0164898","popular"
"tt3470600",2016,"Animation,Comedy,Family",7.1,160098,"nm1134029,nm2888554","nm1134029","popular"
"tt0089218",1985,"Adventure,Comedy,Family",7.7,263363,"nm0001149","nm0001060,nm0000229","unpopular"
"tt0017136",1927,"Drama,Sci-Fi",8.3,170728,"nm0000485","nm0902376,nm0000485","unpopular"
"tt2283336",2019,"Action,Adventure,Comedy",5.6,128971,"nm0336620","nm0391344,nm1436466,nm0192384","unpopular"
"tt1408253",2014,"Action,Comedy,Crime",6.1,111789,"nm1103162","nm0177637,nm1727621,nm0006534,nm0542062","popular"
"tt0086879",1984,"Biography,Drama,Music",8.4,391485,"nm0001232","nm0787323,nm0537004","unpopular"
"tt0021814",1931,"Drama,Fantasy,Horror",7.4,51087,"nm0115218,nm0005713","nm0831290,nm0213019,nm0049721,nm0287124,nm0111313,nm0115218,nm0169606,nm0614225,nm0826873,nm0828574","unpopular"
"tt0446059",2006,"Action,Biography,Drama",7.6,75332,"nm0950553","nm0159443,nm0258268,nm1644613","unpopular"
"tt1262416",2011,"Horror,Mystery",6.2,145093,"nm0000127","nm0932078","unpopular"
"tt0069704",1973,"Comedy,Drama",7.4,87932,"nm0000184","nm0000184,nm0441718,nm0404754","unpopular"
"tt0790686",2008,"Horror,Mystery",6.1,106525,"nm0014960","nm0014960,nm0505183,nm1193005","unpopular"
"tt4481414",2017,"Drama",7.6,112294,"nm1989536","nm0002368","unpopular"
"tt4225622",2017,"Comedy,Horror",6.4,87847,"nm0629334","nm3929259","unpopular"
"tt0117381",1996,"Crime,Drama,Mystery",7.7,207031,"nm0387706","nm0225942,nm0787399,nm0081189","unpopular"
"tt1666801",2015,"Comedy,Romance",6.5,92156,"nm1847738","nm1038800,nm3929735","unpopular"
"tt1634106",2020,"Action,Adventure,Sci-Fi",5.7,75019,"nm1702145","nm0905592,nm2104063,nm0889099,nm9303435,nm1318192","unpopular"
"tt0200550",2000,"Comedy,Drama,Music",5.7,112751,"nm0573589","nm0920859","unpopular"
"tt1010048",2008,"Drama,Romance",8,830622,"nm0849164,nm0000965","nm0064479,nm3139511","popular"
"tt0293662",2002,"Action,Crime,Thriller",6.8,298414,"nm0504642,nm0477035","nm0000108,nm0436543","unpopular"
"tt0111149",1994,"Crime,Thriller",7.3,60358,"nm0000965","nm0388076","unpopular"
"tt0086541",1983,"Horror,Sci-Fi,Thriller",7.2,90360,"nm0000343","nm0000343","unpopular"
"tt5363618",2019,"Drama,Music",7.7,117134,"nm2942187","nm2942187,nm3473150,nm0161834","unpopular"
"tt0457513",2006,"Comedy,Crime,Fantasy",6.6,83913,"nm0000095","nm0000095","unpopular"
"tt1374992",2012,"Drama,Fantasy,Romance",6.3,71448,"nm0812626","nm0812626,nm0024887,nm0536421","unpopular"
"tt1615918",2011,"Adventure,Animation,Comedy",4.3,34573,"nm0593610","nm0008743,nm0074184,nm0046564,nm0439739","popular"
"tt3263904",2016,"Biography,Drama",7.4,262678,"nm0000142","nm0464548,nm3314810,nm5293055","popular"
"tt0208003",2000,"Action,Comedy,Crime",5.2,84687,"nm0331532","nm0702912,nm0722610","popular"
"tt1028532",2009,"Biography,Drama,Family",8.1,275681,"nm0002120","nm2124742,nm0793881","unpopular"
"tt1063669",2008,"Drama,Thriller",7.6,107691,"nm0304541","nm0429168,nm0205972,nm1545967,nm0304541,nm0861826","unpopular"
"tt7401588",2018,"Comedy,Drama",7.3,103176,"nm1890845","nm1890845,nm1898234","unpopular"
"tt0133093",1999,"Action,Sci-Fi",8.7,1847311,"nm0905152,nm0905154","nm0905152,nm0905154","popular"
"tt0795368",2007,"Comedy",7.3,114671,"nm0000568","nm1918877","unpopular"
"tt0462465",2008,"Action,Adventure,Sci-Fi",6.2,75103,"nm0564586","nm0085736,nm0564586","unpopular"
"tt1602613",2013,"Action,Crime,Drama",5.7,111511,"nm0716347","nm0716347","unpopular"
"tt0205000",1999,"Comedy,Romance",5.7,74373,"nm0593610","nm0325214,nm0001705","unpopular"
"tt0119094",1997,"Action,Crime,Sci-Fi",7.3,367877,"nm0000247","nm0108273,nm0171718","popular"
"tt0062765",1968,"Action,Crime,Thriller",7.4,67560,"nm0946811","nm0874450,nm0459067,nm0279302","unpopular"
"tt1598822",2011,"Comedy,Romance",5.6,85486,"nm0005190","nm0297545","unpopular"
"tt0084434",1982,"Drama,Romance",7,55387,"nm0000431","nm0829343","unpopular"
"tt0120863",1998,"Drama,History,War",7.6,184561,"nm0000517","nm0428296,nm0000517","unpopular"
"tt2039393",2014,"Crime,Drama,Thriller",6,69691,"nm1012501","nm1184258,nm0864812","unpopular"
"tt6266538",2018,"Biography,Comedy,Drama",7.2,140531,"nm0570912","nm0570912","unpopular"
"tt0219965",2001,"Comedy,Crime,Drama",6.5,67763,"nm0001469","nm0679037","unpopular"
"tt0063442",1968,"Adventure,Sci-Fi",8,176311,"nm0769874","nm0933858,nm0785245,nm0099541,nm0445934","unpopular"
"tt0281373",2002,"Adventure,Comedy,Family",5.2,26784,"nm0505152","nm0467942,nm0842476,nm0325271,nm0317102,nm0357000,nm0667305","popular"
"tt0292644",2002,"Comedy,Drama,Romance",6.6,51202,"nm0000812","nm0254735,nm0000812","unpopular"
"tt0110622",1994,"Comedy,Crime",6.5,102788,"nm0781842","nm0698493,nm0001878,nm0516598,nm0000720,nm0958387","unpopular"
"tt0083530",1982,"Comedy,Sci-Fi",6.1,52113,"nm0277946","nm0277946,nm0419830,nm0718514","unpopular"
"tt0082694",1981,"Action,Adventure,Sci-Fi",7.6,176640,"nm0004306","nm0371249,nm0004306,nm0360352,nm0447945","unpopular"
"tt5022702",2016,"Horror,Thriller",6.6,124871,"nm1093039","nm1093039,nm2318089","unpopular"
"tt3099498",2014,"Comedy,Horror",5.3,51323,"nm0003620","nm0003620","unpopular"
"tt1596363",2015,"Biography,Comedy,Drama",7.8,412111,"nm0570912","nm1017488,nm0570912,nm1034122","unpopular"
"tt0758766",2007,"Comedy,Music,Romance",6.5,102161,"nm0492909","nm0492909","unpopular"
"tt0808151",2009,"Action,Mystery,Thriller",6.7,287954,"nm0000165","nm0462895,nm0326040,nm1467010","popular"
"tt0297284",2004,"Crime,Horror,Thriller",6.3,60509,"nm0001317","nm0469694,nm0110778","unpopular"
"tt1067583",2011,"Drama,Romance",6.9,115369,"nm1349376","nm0481418,nm2717485","unpopular"
"tt0458352",2006,"Comedy,Drama",6.9,403564,"nm0291205","nm0112459,nm1916979","popular"
"tt1588334",2011,"Comedy,Drama",6.5,63589,"nm0243231,nm0243233","nm0243231,nm0243233","unpopular"
"tt0086066",1983,"Crime,Drama",7.1,83605,"nm0000338","nm0746634,nm0386023","unpopular"
"tt0120679",2002,"Biography,Drama,Romance",7.4,88427,"nm0853380","nm0380419,nm0797397,nm1187860,nm0622695,nm0858482","unpopular"
"tt3195644",2015,"Horror,Mystery,Thriller",6.1,102231,"nm1191481","nm1191481","unpopular"
"tt0286788",2003,"Comedy,Drama,Family",5.8,62562,"nm0330140","nm0392942,nm0081081,nm0151358","unpopular"
"tt0115759",1996,"Action,Adventure,Thriller",6.1,97149,"nm0000247","nm0003662","unpopular"
"tt1856101",2017,"Action,Drama,Mystery",8,532553,"nm0898288","nm0266684,nm0338169,nm0001140","popular"
"tt7349950",2019,"Drama,Fantasy,Horror",6.5,245718,"nm0615592","nm0000175,nm2477891","popular"
"tt8503618",2020,"Biography,Drama,History",8.4,84893,"nm2371802","nm0592135,nm2375857","unpopular"
"tt1086772",2014,"Comedy,Romance",6.5,129226,"nm0178997","nm0578771,nm0784771","unpopular"
"tt1560747",2012,"Drama",7.1,169763,"nm0000759","nm0000759","unpopular"
"tt7556122",2020,"Action,Adventure,Fantasy",6.6,155341,"nm0697656","nm1421638,nm8030368","unpopular"
"tt1413492",2018,"Action,Drama,History",6.5,77257,"nm3350420","nm0848217,nm0185976,nm3066678","unpopular"
"tt1298644",2019,"Comedy,Crime",5.4,57004,"nm1128050","nm0788630,nm0377417,nm0490958,nm2356614","unpopular"
"tt2548396",2018,"Action,Horror,Sci-Fi",5.5,102827,"nm1564809","nm3349927,nm1136647","unpopular"
"tt0119488",1997,"Crime,Drama,Mystery",8.3,568105,"nm0000436","nm0255278,nm0001338,nm0000436","unpopular"
"tt5390504",2017,"Crime,Drama,History",7.3,52358,"nm0000941","nm1676793","unpopular"
"tt0799934",2008,"Comedy",6.4,90834,"nm0327273","nm0327273","unpopular"
"tt0800080",2008,"Action,Adventure,Sci-Fi",6.7,473154,"nm0504642","nm0672015,nm0498278,nm0456158","popular"
"tt0420332",2004,"Drama,Family,Musical",7.9,52088,"nm0007181","nm0159147","unpopular"
"tt1877832",2014,"Action,Adventure,Sci-Fi",8,694336,"nm0001741","nm1334526,nm0963359,nm0891216,nm0456158,nm0498278","popular"
"tt0454945",2006,"Comedy,Romance,Sport",6.4,155818,"nm0275698","nm1894168,nm0527581,nm0809006","unpopular"
"tt0829150",2014,"Action,Drama,Fantasy",6.2,191274,"nm2411495","nm1948885,nm2332952,nm0831290","unpopular"
"tt0406759",2008,"Horror,Mystery",5.4,53246,"nm0658837,nm1219963","nm0349406,nm1040327,nm0161152,nm0659380","unpopular"
"tt0099348",1990,"Adventure,Drama,Western",8.1,257433,"nm0000126","nm0086658","popular"
"tt0058385",1964,"Drama,Family,Musical",7.8,93727,"nm0002030","nm0503585,nm0789737","unpopular"
"tt0097216",1989,"Comedy,Drama",7.9,99540,"nm0000490","nm0000490","unpopular"
"tt0295701",2002,"Action,Adventure,Thriller",5.8,178438,"nm0003418","nm0929186","popular"
"tt0080339",1980,"Comedy",7.7,231796,"nm0958387,nm0001878,nm0000720","nm0000720,nm0001878,nm0958387,nm0058826,nm0150712,nm0354150","unpopular"
"tt9100054",2021,"Drama",6.7,51701,"nm0350454","nm0350454,nm0273919","unpopular"
"tt0097351",1989,"Drama,Family,Fantasy",7.5,116651,"nm0004675","nm0455875,nm0004675","unpopular"
"tt0087298",1984,"Horror,Thriller",6,50751,"nm0957263","nm0566699,nm0413826,nm0457725,nm0914536,nm0169231,nm0757239,nm0192446","unpopular"
"tt1201167",2009,"Comedy,Drama",6.3,118283,"nm0031976","nm0031976","unpopular"
"tt0088258",1984,"Comedy,Music",7.9,137444,"nm0001661","nm0001302,nm0571106,nm0733427,nm0001661","unpopular"
"tt0119349",1997,"Drama",7.4,55791,"nm0000487","nm0600528,nm0770005","unpopular"
"tt0053779",1960,"Comedy,Drama",8,71660,"nm0000019","nm0000019,nm0280919,nm0684083,nm0740021,nm0001596","unpopular"
"tt0295178",2002,"Action,Adventure,Comedy",6.2,206049,"nm0005366","nm0000196,nm0567112","popular"
"tt1013752",2009,"Action,Crime,Thriller",6.6,281010,"nm0510912","nm0604555,nm0860155","popular"
"tt0118880",1997,"Action,Crime,Thriller",6.9,292106,"nm0922346","nm0003298","popular"
"tt0790724",2012,"Action,Mystery,Thriller",7,331696,"nm0003160","nm1676193,nm0003160","unpopular"
"tt4530422",2018,"Action,Horror,Sci-Fi",6.6,96049,"nm1170339","nm0712753,nm1872664","unpopular"
"tt0408839",2007,"Comedy,Romance",5.8,90573,"nm0125803,nm0268380","nm0035905,nm0228908,nm0125803,nm0268380,nm0055937,nm0295171,nm0800319","unpopular"
"tt0086190",1983,"Action,Adventure,Fantasy",8.3,1014839,"nm0549658","nm0001410,nm0000184","popular"
"tt0134273",1999,"Crime,Drama,Mystery",6.5,131294,"nm0001708","nm0001825","unpopular"
"tt0119303",1997,"Action,Comedy,Crime",4.5,114869,"nm0331532","nm0000455","unpopular"
"tt2226597",2017,"Action,Adventure,Drama",6.4,73757,"nm0009463","nm0919363,nm0328987,nm4887947","unpopular"
"tt0417148",2006,"Action,Adventure,Crime",5.5,137961,"nm0254786","nm1733422,nm0349406,nm2154048","unpopular"
"tt1034389",2011,"Action,Adventure,Drama",6.2,69273,"nm0531817","nm0110591,nm0839996","unpopular"
"tt0212720",2001,"Drama,Sci-Fi",7.2,303053,"nm0000229","nm0000735,nm0914668,nm0000229","unpopular"
"tt0088944",1985,"Action,Adventure,Thriller",6.7,157080,"nm0504495","nm0517188,nm0918861,nm0211823","unpopular"
"tt0070328",1973,"Action,Adventure,Thriller",6.7,105153,"nm0357891","nm0542539,nm0001220","unpopular"
"tt0087182",1984,"Action,Adventure,Sci-Fi",6.3,158614,"nm0000186","nm0378541,nm0000186","unpopular"
"tt0758752",2010,"Comedy,Drama,Romance",6.7,198331,"nm0001880","nm1017488,nm0001880,nm0380980,nm2168221","unpopular"
"tt0082406",1981,"Adventure,Animation,Drama",7.3,91087,"nm0075859,nm0723704,nm0828245,nm0359457,nm0718627","nm0543438,nm0166307,nm0075859,nm0585150,nm0949954,nm0560329,nm0401362,nm0470928,nm0314788","unpopular"
"tt2042568",2013,"Comedy,Drama,Music",7.4,150666,"nm0001054,nm0001053","nm0001054,nm0001053","unpopular"
"tt0454921",2006,"Biography,Drama",8,491761,"nm0610831","nm0175726","popular"
"tt0119396",1997,"Crime,Drama,Thriller",7.5,339867,"nm0000233","nm0000233,nm0001465","unpopular"
"tt0443272",2012,"Biography,Drama,History",7.3,257025,"nm0000229","nm1065785,nm0329447","popular"
"tt0272020",2001,"Action,Drama,Thriller",6.9,78009,"nm0527109","nm0769227,nm0003662","unpopular"
"tt1267297",2014,"Action,Adventure,Fantasy",6,153874,"nm0711840","nm2952284,nm0818746,nm5610426","unpopular"
"tt0096933",1989,"Action,Crime,Thriller",6.6,53808,"nm0000631","nm0093271,nm0507863","unpopular"
"tt0120663",1999,"Drama,Mystery,Thriller",7.5,328160,"nm0000040","nm0000040,nm0710698,nm0774217","unpopular"
"tt0099422",1990,"Action,Comedy,Crime",6.2,60911,"nm0000886","nm0332333,nm0143596,nm0258390","popular"
"tt0120912",2002,"Action,Adventure,Comedy",6.1,365201,"nm0001756","nm0192384,nm0330565,nm0266673","popular"
"tt0465580",2009,"Action,Sci-Fi,Thriller",6.1,109896,"nm0006476","nm0100027","unpopular"
"tt0436697",2006,"Biography,Drama",7.3,109170,"nm0001241","nm0604948","unpopular"
"tt0120201",1997,"Action,Adventure,Sci-Fi",7.3,287319,"nm0000682","nm0627159,nm0374423","unpopular"
"tt0215750",2001,"Action,Drama,War",7.6,257353,"nm0000269","nm0000269,nm0323708","unpopular"
"tt3513548",2019,"Biography,Crime,Drama",7.5,82388,"nm0000142","nm0712753,nm0107493,nm7471755,nm11296384","unpopular"
"tt0116908",1996,"Action,Crime,Drama",6.8,78745,"nm0001317","nm0000948","unpopular"
"tt0088128",1984,"Comedy,Romance",7,113398,"nm0000455","nm0000455","unpopular"
"tt0120669",1998,"Adventure,Comedy,Drama",7.5,274682,"nm0000416","nm0860219,nm0000416,nm0342617,nm0204000,nm0007182","unpopular"
"tt5362988",2017,"Crime,Drama,Mystery",7.7,240670,"nm0792263","nm0792263","unpopular"
"tt0472399",2011,"Action,Crime,Thriller",6.5,158734,"nm0922346","nm0921013,nm0137573","unpopular"
"tt0472033",2009,"Action,Adventure,Animation",7,138411,"nm0009942","nm0972040,nm0009942,nm0994310","unpopular"
"tt0780571",2007,"Crime,Drama,Thriller",7.3,149376,"nm0262595","nm0262595,nm0317279","unpopular"
"tt4477536",2018,"Drama,Romance,Thriller",4.5,63318,"nm0001226","nm0502727,nm1093317","popular"
"tt0117500",1996,"Action,Adventure,Thriller",7.4,330786,"nm0000881","nm0918711,nm0177018,nm0743119","popular"
"tt1323594",2010,"Adventure,Animation,Comedy",7.6,530230,"nm0719208,nm1853544","nm0666791,nm0202425,nm0655053","popular"
"tt3715320",2015,"Comedy,Crime,Drama",6.6,62501,"nm0000095","nm0000095","unpopular"
"tt0280609",2002,"Action,Horror,Thriller",6.8,59040,"nm0551076","nm0551076","unpopular"
"tt4463894",2019,"Action,Comedy,Crime",6.4,51700,"nm1103162","nm0862781,nm1244069,nm1113415","unpopular"
"tt0465551",2006,"Crime,Drama,Romance",7.4,77814,"nm0264236","nm0544999,nm0375398","unpopular"
"tt0970452",2009,"Action,Adventure,Fantasy",6.1,72933,"nm1068186","nm1068186,nm0397574","unpopular"
"tt0061852",1967,"Adventure,Animation,Comedy",7.6,177606,"nm0718627","nm0166307,nm0942723,nm0027011,nm0314788,nm0456017,nm0670328","unpopular"
"tt10919380",2020,"Comedy,Horror,Thriller",6.3,52684,"nm0484907","nm3208182,nm0484907","unpopular"
"tt0206634",2006,"Action,Drama,Sci-Fi",7.9,489966,"nm0190859","nm0190859,nm0786694,nm0033153,nm1318843,nm1319757,nm0416807","unpopular"
"tt0460791",2006,"Adventure,Drama,Fantasy",7.8,111183,"nm0802248","nm0319659,nm0815864,nm0802248,nm0678199","unpopular"
"tt0276751",2002,"Comedy,Drama,Romance",7.1,181936,"nm0919363,nm0919369","nm0394984,nm0373282,nm0919363,nm0919369","unpopular"
"tt0295297",2002,"Adventure,Family,Fantasy",7.4,609936,"nm0001060","nm0746830,nm0460141","popular"
"tt0138749",2000,"Adventure,Animation,Comedy",6.9,93246,"nm0005076,nm0074426,nm0666802","nm0744429,nm0254645,nm0456732,nm0493857","unpopular"
"tt1568338",2012,"Action,Crime,Thriller",6.6,150522,"nm1300606","nm0271854","unpopular"
"tt0114388",1995,"Drama,Romance",7.7,112911,"nm0000487","nm0000807,nm0000668","unpopular"
"tt0088933",1985,"Comedy,Drama,Sci-Fi",6.7,62206,"nm0000165","nm0070676,nm0764545","unpopular"
"tt0053125",1959,"Adventure,Mystery,Thriller",8.3,319975,"nm0000033","nm0499626","unpopular"
"tt0078748",1979,"Horror,Sci-Fi",8.5,847961,"nm0000631","nm0639321,nm0795953","popular"
"tt0787524",2015,"Biography,Drama",7.2,56095,"nm0114226","nm0114226,nm2216692","unpopular"
"tt0470752",2014,"Drama,Sci-Fi,Thriller",7.7,521280,"nm0307497","nm0307497","unpopular"
"tt8946378",2019,"Comedy,Crime,Drama",7.9,581713,"nm0426059","nm0426059","popular"
"tt0350258",2004,"Biography,Drama,Music",7.7,145576,"nm0000431","nm0000431,nm1343803","unpopular"
"tt0115964",1996,"Drama",6.4,58069,"nm0000343","nm0050618,nm0000343","unpopular"
"tt1155076",2010,"Action,Drama,Family",6.2,177264,"nm0958969","nm0614050,nm0436543","popular"
"tt2461150",2016,"Biography,Comedy,Crime",5.8,54767,"nm0381478","nm0101302,nm1376062,nm0819225","unpopular"
"tt1297919",2011,"Action,Crime,Thriller",6.2,86248,"nm1714255","nm2914162,nm2012698","unpopular"
"tt1001508",2009,"Comedy,Drama,Romance",6.4,169947,"nm0477129","nm0463359,nm0799050,nm1021163,nm0875710","popular"
"tt0454876",2012,"Adventure,Drama,Fantasy",7.9,613849,"nm0000487","nm1674631,nm1341735","popular"
"tt0478311",2007,"Comedy,Romance",7,364472,"nm0031976","nm0031976","popular"
"tt0118998",1998,"Comedy,Family,Fantasy",5.4,96206,"nm0858525","nm0517452,nm0560894,nm0505648","popular"
"tt0441773",2008,"Action,Adventure,Animation",7.6,452360,"nm0651706,nm0828970","nm0008743,nm0074184,nm0717550,nm0903456,nm1938852","popular"
"tt0200465",2008,"Crime,Drama,Thriller",7.2,179659,"nm0002044","nm0166074,nm0478588","unpopular"
"tt2229499",2013,"Comedy,Drama,Romance",6.6,237332,"nm0330687","nm0330687","unpopular"
"tt0412019",2005,"Comedy,Drama,Mystery",7.2,102054,"nm0000464","nm0000464,nm2260851,nm0238138","unpopular"
"tt0765443",2007,"Crime,Drama,Thriller",7.6,238955,"nm0000343","nm1140275","unpopular"
"tt1160419",2021,"Action,Adventure,Drama",8.1,524603,"nm0898288","nm3123612,nm0898288,nm0744839,nm0378541","popular"
"tt2402157",2014,"Action,Thriller",6.3,67271,"nm0002044","nm3360218,nm2244980,nm1952653","unpopular"
"tt0110322",1994,"Drama,Romance,War",7.5,161166,"nm0001880","nm0793463,nm0937074,nm0365659","unpopular"
"tt4901306",2016,"Comedy,Drama",7.7,63533,"nm0002645","nm3798121,nm0182499,nm0002645,nm2601560,nm0712330","unpopular"
"tt1033575",2011,"Comedy,Drama",7.3,239847,"nm0668247","nm0668247,nm0269542,nm0711110,nm2655611","popular"
"tt1068680",2008,"Comedy,Romance",6.8,354296,"nm0715636","nm0831557,nm0666871,nm2361949,nm0991245","popular"
"tt2481498",2019,"Biography,Crime,Drama",6.7,90438,"nm0075666","nm10601084,nm5344063","unpopular"
"tt0117318",1996,"Biography,Drama",7.3,93600,"nm0001232","nm0018735,nm0438989","unpopular"
"tt0169547",1999,"Drama",8.4,1127010,"nm0005222","nm0050332","popular"
"tt0408790",2005,"Drama,Mystery,Thriller",6.3,160221,"nm0777881","nm1618225,nm0712753","popular"
"tt0300556",2003,"Action,Adventure,Sci-Fi",5.6,62725,"nm0001149","nm0000341,nm0536587,nm1079776","unpopular"
"tt3040964",2016,"Adventure,Drama,Family",7.4,272338,"nm0269463","nm1098479,nm0456017","popular"
"tt2908446",2015,"Action,Adventure,Sci-Fi",6.2,232146,"nm0777881","nm3929259,nm0326040,nm0093560,nm4316121","popular"
"tt1263670",2009,"Drama,Music,Romance",7.2,88757,"nm0178376","nm0178376,nm3084575","unpopular"
"tt0445922",2007,"Drama,Fantasy,History",7.3,109468,"nm0853380","nm0166074,nm0478588,nm0853380","unpopular"
"tt0048728",1955,"Mystery,Romance,Thriller",7.4,71454,"nm0000033","nm0371088,nm0230196,nm0178785","unpopular"
"tt4649466",2017,"Action,Adventure,Comedy",6.7,314100,"nm0891216","nm0963359,nm0891216,nm2092839,nm1733301","popular"
"tt10633456",2020,"Drama",7.5,72959,"nm1818032","nm1818032","unpopular"
"tt0065214",1969,"Action,Adventure,Western",7.9,83235,"nm0001603","nm0338396,nm0001603,nm0796429","unpopular"
"tt9620288",2021,"Biography,Drama,Sport",7.5,69144,"nm3232264","nm1598140","unpopular"
"tt1408101",2013,"Action,Adventure,Sci-Fi",7.7,478055,"nm0009190","nm0649460,nm0476064,nm0511541,nm0734472","popular"
"tt1001526",2010,"Action,Animation,Comedy",7.3,250515,"nm0569891","nm0774786,nm2523794","popular"
"tt0071315",1974,"Drama,Mystery,Thriller",8.2,317759,"nm0000591","nm0001801,nm0000591","unpopular"
"tt0062622",1968,"Adventure,Sci-Fi",8.3,647632,"nm0000040","nm0000040,nm0002009","unpopular"
"tt8075192",2018,"Crime,Drama",7.9,73079,"nm0466153","nm0466153","unpopular"
"tt3717490",2017,"Action,Adventure,Fantasy",5.9,106526,"nm2410311","nm0309691,nm1948885,nm2332952,nm1802251,nm0612487,nm0536805,nm2120520,nm0411127,nm0506619","popular"
"tt0117887",1996,"Comedy,Drama,Music",7,67815,"nm0000158","nm0000158","unpopular"
"tt0947802",2008,"Crime,Drama,Thriller",6.2,51929,"nm0001438","nm0521739,nm0466122","unpopular"
"tt0110632",1994,"Action,Crime,Drama",7.2,229566,"nm0000231","nm0000233,nm0892705,nm0752116,nm0000231","unpopular"
"tt0446029",2010,"Action,Comedy,Fantasy",7.6,413087,"nm0942367","nm0045209,nm0942367,nm1854069","unpopular"
"tt0289992",2003,"Crime,Drama,Thriller",7.5,118736,"nm0000570","nm1017488","unpopular"
"tt1478338",2011,"Comedy,Romance",6.8,286399,"nm0082450","nm1325419,nm1754239","popular"
"tt0442933",2007,"Action,Adventure,Animation",6.3,166842,"nm0000709","nm0301274,nm0000812,nm1511619","popular"
"tt0111438",1994,"Action,Crime,Sci-Fi",5.9,59071,"nm0001382","nm0894156,nm0724700","unpopular"
"tt0115433",1996,"Adventure,Comedy,Crime",5.7,109766,"nm0378893","nm0807977,nm0000455","unpopular"
"tt1586265",2012,"Comedy,Drama,Romance",5.7,72318,"nm0428600","nm0189272,nm0352320,nm3763939","unpopular"
"tt0096895",1989,"Action,Adventure",7.5,367258,"nm0000318","nm0004170,nm0358334,nm0803730","popular"
"tt4630562",2017,"Action,Crime,Thriller",6.6,225456,"nm0336620","nm0860155,nm0604555","popular"
"tt0118843",1998,"Comedy,Crime,Romance",8,53206,"nm0001437","nm0586235","unpopular"
"tt3488710",2015,"Adventure,Biography,Drama",7.3,126852,"nm0000709","nm0000709,nm1358613,nm0677597","unpopular"
"tt6105098",2019,"Adventure,Animation,Drama",6.9,235437,"nm0269463","nm0622288,nm0575293,nm0731271,nm0941314","popular"
"tt0119167",1997,"Crime,Drama,Thriller",7.5,72109,"nm0359734","nm0359734","unpopular"
"tt0404030",2005,"Comedy,Drama",7.4,58097,"nm0000630","nm1583636,nm0000630","unpopular"
"tt1632708",2011,"Comedy,Romance",6.6,359902,"nm0323239","nm2226647,nm2226970,nm0323239,nm0679037","unpopular"
"tt2884206",2014,"Drama,Mystery,Romance",7.3,123266,"nm2648685","nm2648685","unpopular"
"tt12801262",2021,"Adventure,Animation,Comedy",7.5,144520,"nm1154836","nm1154836,nm5428959,nm1776787,nm0428873,nm0528724,nm6590106","unpopular"
"tt0406816",2006,"Action,Adventure,Drama",6.9,91509,"nm0001112","nm0109587","unpopular"
"tt0947798",2010,"Drama,Thriller",8,742031,"nm0004716","nm2114730,nm0374560,nm0572352","popular"
"tt1241317",2017,"Crime,Drama,Fantasy",4.5,83098,"nm1417392","nm0663048,nm0663050,nm2916300,nm2174097,nm1761126","unpopular"
"tt1320253",2010,"Action,Adventure,Thriller",6.4,340096,"nm0000230","nm1709264,nm0000230","popular"
"tt0415306",2006,"Comedy,Sport",6.6,180253,"nm0570912","nm0002071,nm0570912","popular"
"tt1336608",2012,"Comedy,Drama,Musical",5.9,76909,"nm0788202","nm0857620,nm0195476,nm1615610","unpopular"
"tt0285742",2001,"Drama,Romance",7.1,88279,"nm0286975","nm0995906,nm0737993","unpopular"
"tt1615147",2011,"Drama,Thriller",7.1,126119,"nm1170855","nm1170855","unpopular"
"tt0120815",1998,"Drama,War",8.6,1336859,"nm0000229","nm0734441","popular"
"tt0499097",2021,"Action,Thriller,War",5.7,54655,"nm1356588","nm0792263,nm1475436,nm0002007","unpopular"
"tt0332379",2003,"Comedy,Music",7.2,298339,"nm0000500","nm0925234","popular"
"tt0117571",1996,"Horror,Mystery",7.4,329082,"nm0000127","nm0932078","popular"
"tt0119217",1997,"Drama,Romance",8.3,930862,"nm0001814","nm0000354,nm0000255","popular"
"tt0319061",2003,"Adventure,Drama,Fantasy",8,434195,"nm0000318","nm1180620,nm0041864","unpopular"
"tt8936646",2020,"Action,Thriller",6.7,190054,"nm1092087","nm0751648,nm3133666,nm0751577,nm11461720","unpopular"
"tt5052474",2018,"Action,Adventure,Crime",7.1,142150,"nm1356588","nm0792263","unpopular"
"tt0272152",2001,"Drama,Mystery,Sci-Fi",7.4,181781,"nm0812200","nm0108150,nm0495378","unpopular"
"tt1091191",2013,"Action,Biography,Drama",7.5,281372,"nm0000916","nm0000916,nm2877226,nm0732961","popular"
"tt0901476",2009,"Comedy,Romance",5.4,106201,"nm0935095","nm0220045,nm1988111,nm2053085","unpopular"
"tt1365050",2015,"Drama,War",7.7,79798,"nm1560977","nm1560977,nm3303697","unpopular"
"tt0498380",2006,"Action,Adventure,Drama",7.9,160666,"nm0000142","nm2111875,nm0353673,nm2362326,nm2359677","unpopular"
"tt0960144",2008,"Action,Comedy",5.6,199049,"nm0240797","nm0001191,nm0806912,nm0031976","popular"
"tt0274812",2002,"Comedy,Drama,Romance",6.9,89875,"nm0787601","nm0933379,nm1122344,nm0787601","unpopular"
"tt0800369",2011,"Action,Adventure,Fantasy",7,811649,"nm0000110","nm1005420,nm0826714,nm0668309,nm0833089,nm0698873,nm0498278,nm1293367,nm0456158","popular"
"tt1673434",2012,"Adventure,Drama,Fantasy",5.6,244276,"nm0174374","nm0742279,nm2769412","popular"
"tt0139239",1999,"Comedy,Crime",7.2,70894,"nm0510731","nm0041864","unpopular"
"tt0061722",1967,"Comedy,Drama,Romance",8,268113,"nm0001566","nm0932229,nm0377750,nm0916047","unpopular"
"tt0066026",1970,"Comedy,Drama,War",7.4,71866,"nm0000265","nm0393645,nm0488057","popular"
"tt1403981",2010,"Drama,Romance",7.1,144857,"nm0002339","nm3391497","unpopular"
"tt1117385",2008,"Crime,Thriller",7.4,77840,"nm0006846","nm0006846","unpopular"
"tt0110216",1994,"Comedy,Romance,Sci-Fi",4.7,68307,"nm0718645","nm0905458,nm0175620","unpopular"
"tt0086197",1983,"Adventure,Biography,Drama",7.8,60480,"nm0442241","nm0442241,nm0004366","unpopular"
"tt1488555",2011,"Comedy,Fantasy",6.3,179477,"nm0229694","nm0524190,nm0601859","unpopular"
"tt3042408",2014,"Crime,Drama,Mystery",7.5,55432,"nm2171633","nm1296729,nm2171633","unpopular"
"tt0816711",2013,"Action,Adventure,Horror",7,644155,"nm0286975","nm1996352,nm1206844,nm0511541,nm0833089,nm0112150","popular"
"tt0286499",2002,"Comedy,Drama,Romance",6.7,109155,"nm0149446","nm0149446,nm0996493,nm0074488","unpopular"
"tt1478964",2011,"Action,Adventure,Comedy",6.7,105642,"nm0180428","nm0180428","unpopular"
"tt1043726",2014,"Action,Adventure,Fantasy",4.2,54249,"nm0001317","nm0393517,nm0316417,nm0001317,nm1048866","unpopular"
"tt0120484",1998,"Comedy,Sport",6.1,160089,"nm0178997","nm0379056,nm0001191","popular"
"tt1212450",2012,"Biography,Crime,Drama",7.2,239087,"nm0384825","nm0147022,nm2967574","unpopular"
"tt7349662",2018,"Biography,Comedy,Crime",7.5,253561,"nm0000490","nm4478735,nm5161275,nm0932551,nm0000490,nm9259302","unpopular"
"tt0421206",2006,"Biography,Crime,Drama",7,62224,"nm0423333","nm0536587,nm0281133","unpopular"
"tt1727824",2018,"Biography,Drama,Music",8,511524,"nm0001741","nm0565026,nm0604948","popular"
"tt0318627",2004,"Action,Horror,Sci-Fi",6.1,195940,"nm0936838","nm0027271","unpopular"
"tt7740496",2021,"Crime,Drama,Thriller",7.1,96807,"nm0868219","nm0868219,nm1965407,nm0340343","unpopular"
"tt0349205",2003,"Comedy,Family",5.9,100386,"nm0506613","nm0318326,nm0136950,nm0864471,nm0363958,nm0169505,nm0812513","popular"
"tt0169102",2001,"Drama,Musical,Sport",8.1,111586,"nm0332950","nm0332950,nm1021349,nm1021353,nm1022153","unpopular"
"tt0084503",1982,"Drama,Fantasy,Music",8,79875,"nm0000570","nm0914166","unpopular"
"tt0498353",2007,"Horror",5.5,89321,"nm0744834","nm0744834","unpopular"
"tt1614989",2011,"Action,Crime,Thriller",7.5,101081,"nm0878763","nm0752968,nm0345674,nm1867674","unpopular"
"tt0120832",1998,"Crime,Mystery,Thriller",6.1,80371,"nm0000361","nm0000361,nm0462895","unpopular"
"tt0489237",2007,"Comedy,Drama,Romance",6.2,58932,"nm0700301,nm0075849","nm2096064,nm2096624,nm0075849,nm0700301","unpopular"
"tt2294449",2014,"Action,Comedy,Crime",7,367596,"nm0588087,nm0520488","nm0045209,nm3349927,nm0745247,nm1706767,nm0367895,nm0004798","popular"
"tt0416315",2005,"Horror,Thriller",6.2,71634,"nm0572562","nm0572562","unpopular"
"tt0294870",2005,"Drama,Musical,Romance",6.9,52679,"nm0001060","nm1170227,nm0154716","unpopular"
"tt0170016",2000,"Comedy,Family,Fantasy",6.2,239191,"nm0000165","nm0317450,nm0696949,nm0780620","popular"
"tt1211956",2013,"Action,Thriller",6.7,239082,"nm0405632","nm1974016,nm0445669","unpopular"
